,Logistic Regression,Random Forest,XGBoost
accuracy,0.9965741203340233,0.9980015701948469,0.996859610306188
precision,0.9826086956521739,0.9939675174013921,0.9861942015646572
recall,0.9953639313861845,0.9930458970792768,0.9935095039406583
f1,0.988945186549977,0.9935064935064936,0.9898383371824481
